{
	"credit": "Made with Blockbench",
	"textures": {
		"1": "item/crystaline_crystal",
		"particle": "item/crystaline_crystal"
	},
	"elements": [
		{
			"from": [5, -1, 8],
			"to": [11, 8, 14],
			"rotation": {"angle": -22.5, "axis": "z", "origin": [10, -2, 10]},
			"faces": {
				"north": {"uv": [4, 8, 8, 14], "texture": "#1"},
				"east": {"uv": [0, 8, 4, 14], "texture": "#1"},
				"south": {"uv": [12, 8, 16, 14], "texture": "#1"},
				"west": {"uv": [8, 8, 12, 14], "texture": "#1"},
				"up": {"uv": [4, 8, 0, 4], "texture": "#1"},
				"down": {"uv": [8, 4, 4, 8], "texture": "#1"}
			}
		},
		{
			"from": [3, -2, 6],
			"to": [10, 7, 13],
			"rotation": {"angle": 22.5, "axis": "z", "origin": [7, -1, 11]},
			"faces": {
				"north": {"uv": [4, 8, 8, 14], "texture": "#1"},
				"east": {"uv": [0, 8, 4, 14], "texture": "#1"},
				"south": {"uv": [12, 8, 16, 14], "texture": "#1"},
				"west": {"uv": [8, 8, 12, 14], "texture": "#1"},
				"up": {"uv": [4, 8, 0, 4], "texture": "#1"},
				"down": {"uv": [8, 4, 4, 8], "texture": "#1"}
			}
		},
		{
			"from": [7, -1, 5],
			"to": [13, 8, 11],
			"rotation": {"angle": -22.5, "axis": "x", "origin": [9, -3, 8]},
			"faces": {
				"north": {"uv": [4, 8, 8, 14], "texture": "#1"},
				"east": {"uv": [0, 8, 4, 14], "texture": "#1"},
				"south": {"uv": [12, 8, 16, 14], "texture": "#1"},
				"west": {"uv": [8, 8, 12, 14], "texture": "#1"},
				"up": {"uv": [4, 8, 0, 4], "texture": "#1"},
				"down": {"uv": [8, 4, 4, 8], "texture": "#1"}
			}
		},
		{
			"from": [6, 8, 6],
			"to": [10, 14, 10],
			"rotation": {"angle": 0, "axis": "y", "origin": [9, 10, 9]},
			"faces": {
				"north": {"uv": [10, 5, 12, 8], "texture": "#1"},
				"east": {"uv": [8, 5, 10, 8], "texture": "#1"},
				"south": {"uv": [14, 5, 16, 8], "texture": "#1"},
				"west": {"uv": [12, 5, 14, 8], "texture": "#1"},
				"up": {"uv": [12, 5, 10, 3], "texture": "#1"},
				"down": {"uv": [14, 3, 12, 5], "texture": "#1"}
			}
		},
		{
			"from": [4, -1, 4],
			"to": [12, 10, 12],
			"rotation": {"angle": 0, "axis": "y", "origin": [9, 0, 9]},
			"faces": {
				"north": {"uv": [4, 8, 8, 16], "texture": "#1"},
				"east": {"uv": [0, 8, 4, 16], "texture": "#1"},
				"south": {"uv": [12, 8, 16, 16], "texture": "#1"},
				"west": {"uv": [8, 8, 12, 16], "texture": "#1"},
				"up": {"uv": [4, 8, 0, 4], "texture": "#1"},
				"down": {"uv": [8, 4, 4, 8], "texture": "#1"}
			}
		},
		{
			"from": [3, -2, 3],
			"to": [7, 5, 7],
			"rotation": {"angle": 0, "axis": "y", "origin": [9, 7, 3]},
			"faces": {
				"north": {"uv": [10, 5, 12, 8], "texture": "#1"},
				"east": {"uv": [8, 5, 10, 8], "texture": "#1"},
				"south": {"uv": [14, 5, 16, 8], "texture": "#1"},
				"west": {"uv": [12, 5, 14, 8], "texture": "#1"},
				"up": {"uv": [12, 5, 10, 3], "texture": "#1"},
				"down": {"uv": [14, 3, 12, 5], "texture": "#1"}
			}
		},
		{
			"from": [9, 3, 5],
			"to": [13, 9, 9],
			"rotation": {"angle": 0, "axis": "y", "origin": [9, 7, 3]},
			"faces": {
				"north": {"uv": [10, 5, 12, 8], "texture": "#1"},
				"east": {"uv": [8, 5, 10, 8], "texture": "#1"},
				"south": {"uv": [14, 5, 16, 8], "texture": "#1"},
				"west": {"uv": [12, 5, 14, 8], "texture": "#1"},
				"up": {"uv": [12, 5, 10, 3], "texture": "#1"},
				"down": {"uv": [14, 3, 12, 5], "texture": "#1"}
			}
		},
		{
			"from": [5, 2, 9],
			"to": [9, 8, 13],
			"rotation": {"angle": 22.5, "axis": "x", "origin": [9, 2, 11]},
			"faces": {
				"north": {"uv": [10, 5, 12, 8], "texture": "#1"},
				"east": {"uv": [8, 5, 10, 8], "texture": "#1"},
				"south": {"uv": [14, 5, 16, 8], "texture": "#1"},
				"west": {"uv": [12, 5, 14, 8], "texture": "#1"},
				"up": {"uv": [12, 5, 10, 3], "texture": "#1"},
				"down": {"uv": [14, 3, 12, 5], "texture": "#1"}
			}
		}
	],
	"groups": [
		{
			"name": "cube",
			"origin": [8, 10, 8],
			"color": 0,
			"children": [
				{
					"name": "cote2",
					"origin": [9, 8, 9],
					"color": 0,
					"children": [0]
				},
				{
					"name": "cote1",
					"origin": [6, 9, 10],
					"color": 0,
					"children": [1]
				},
				{
					"name": "cote3",
					"origin": [8, 7, 7],
					"color": 0,
					"children": [2]
				},
				{
					"name": "main",
					"origin": [8, 10, 8],
					"color": 0,
					"children": [3, 4]
				},
				{
					"name": "group",
					"origin": [8, 8, 8],
					"color": 0,
					"children": [5, 6, 7]
				}
			]
		}
	]
}