{
	"credit": "Made with Blockbench",
	"texture_size": [64, 32],
	"textures": {
		"1": "item/dead_body"
	},
	"elements": [
		{
			"name": "head",
			"from": [4, 9.74025, 8.85819],
			"to": [12, 17.74025, 16.85819],
			"rotation": {"angle": -45, "axis": "x", "origin": [8, 8, -1]},
			"faces": {
				"north": {"uv": [2, 4, 4, 8], "texture": "#1"},
				"east": {"uv": [0, 4, 2, 8], "texture": "#1"},
				"south": {"uv": [6, 4, 8, 8], "texture": "#1"},
				"west": {"uv": [4, 4, 6, 8], "texture": "#1"},
				"up": {"uv": [4, 4, 2, 0], "texture": "#1"},
				"down": {"uv": [6, 0, 4, 4], "texture": "#1"}
			}
		},
		{
			"name": "headwear",
			"from": [3.5, 2.79289, -15.10051],
			"to": [12.5, 11.79289, -6.10051],
			"rotation": {"angle": -22.5, "axis": "x", "origin": [8, 8, -1]},
			"faces": {
				"north": {"uv": [10, 4, 12, 8], "texture": "#1"},
				"east": {"uv": [8, 4, 10, 8], "texture": "#1"},
				"south": {"uv": [14, 4, 16, 8], "texture": "#1"},
				"west": {"uv": [12, 4, 14, 8], "texture": "#1"},
				"up": {"uv": [12, 4, 10, 0], "texture": "#1"},
				"down": {"uv": [14, 0, 12, 4], "texture": "#1"}
			}
		},
		{
			"name": "body",
			"from": [4, 6.29399, 4.43999],
			"to": [12, 18.29399, 8.43999],
			"rotation": {"angle": 0, "axis": "x", "origin": [8, 8, -1]},
			"faces": {
				"north": {"uv": [5, 10, 7, 16], "texture": "#1"},
				"east": {"uv": [4, 10, 5, 16], "texture": "#1"},
				"south": {"uv": [8, 10, 10, 16], "texture": "#1"},
				"west": {"uv": [7, 10, 8, 16], "texture": "#1"},
				"up": {"uv": [7, 10, 5, 8], "texture": "#1"},
				"down": {"uv": [9, 8, 7, 10], "texture": "#1"}
			}
		},
		{
			"name": "left_arm",
			"from": [-8, 15.32957, 5.5475],
			"to": [4, 17.32957, 7.5475],
			"rotation": {"angle": 22.5, "axis": "y", "origin": [4, 16, 7]},
			"faces": {
				"north": {"uv": [11.5, 9, 11, 15], "rotation": 270, "texture": "#1"},
				"east": {"uv": [10.5, 9, 11, 8], "texture": "#1"},
				"south": {"uv": [10.5, 9, 10, 15], "rotation": 90, "texture": "#1"},
				"west": {"uv": [11, 8, 11.5, 9], "rotation": 180, "texture": "#1"},
				"up": {"uv": [11, 9, 10.5, 15], "rotation": 90, "texture": "#1"},
				"down": {"uv": [12, 9, 11.5, 15], "rotation": 90, "texture": "#1"}
			}
		},
		{
			"name": "right_arm",
			"from": [9.53073, 14.93645, 7.29402],
			"to": [21.53073, 16.93645, 9.29402],
			"rotation": {"angle": -22.5, "axis": "z", "origin": [10, 13, 8]},
			"faces": {
				"north": {"uv": [10.5, 9, 11, 15], "rotation": 90, "texture": "#1"},
				"east": {"uv": [11.5, 8, 11, 9], "rotation": 270, "texture": "#1"},
				"south": {"uv": [11.5, 9, 12, 15], "rotation": 270, "texture": "#1"},
				"west": {"uv": [11, 9, 10.5, 8], "rotation": 270, "texture": "#1"},
				"up": {"uv": [10, 9, 10.5, 15], "rotation": 270, "texture": "#1"},
				"down": {"uv": [11, 9, 11.5, 15], "rotation": 270, "texture": "#1"}
			}
		},
		{
			"name": "right_leg",
			"from": [9, -2, 6],
			"to": [11, 10, 8],
			"rotation": {"angle": 22.5, "axis": "x", "origin": [8, 8, -1]},
			"faces": {
				"north": {"uv": [0.5, 9, 1, 15], "texture": "#1"},
				"east": {"uv": [0, 9, 0.5, 15], "texture": "#1"},
				"south": {"uv": [1.5, 9, 2, 15], "texture": "#1"},
				"west": {"uv": [1, 9, 1.5, 15], "texture": "#1"},
				"up": {"uv": [1, 9, 0.5, 8], "texture": "#1"},
				"down": {"uv": [1.5, 8, 1, 9], "texture": "#1"}
			}
		},
		{
			"name": "left_leg",
			"from": [3, -2, 6],
			"to": [5, 10, 8],
			"rotation": {"angle": 22.5, "axis": "x", "origin": [8, 8, -1]},
			"faces": {
				"north": {"uv": [1, 9, 0.5, 15], "texture": "#1"},
				"east": {"uv": [1.5, 9, 1, 15], "texture": "#1"},
				"south": {"uv": [2, 9, 1.5, 15], "texture": "#1"},
				"west": {"uv": [0.5, 9, 0, 15], "texture": "#1"},
				"up": {"uv": [0.5, 9, 1, 8], "texture": "#1"},
				"down": {"uv": [1, 8, 1.5, 9], "texture": "#1"}
			}
		}
	],
	"groups": [
		{
			"name": "group",
			"origin": [13, 4, 11],
			"color": 0,
			"children": [
				{
					"name": "head",
					"origin": [8, 24, 8],
					"color": 0,
					"children": [0]
				},
				{
					"name": "headwear",
					"origin": [8, 24, 8],
					"color": 0,
					"children": [1]
				},
				{
					"name": "body",
					"origin": [8, 24, 8],
					"color": 0,
					"children": [2]
				},
				{
					"name": "left_arm",
					"origin": [3, 22, 8],
					"color": 0,
					"children": [3]
				},
				{
					"name": "right_arm",
					"origin": [13, 22, 8],
					"color": 0,
					"children": [4]
				},
				{
					"name": "right_leg",
					"origin": [10, 12, 8.1],
					"color": 0,
					"children": [5]
				},
				{
					"name": "left_leg",
					"origin": [6, 12, 8.1],
					"color": 0,
					"children": [6]
				}
			]
		}
	]
}